{
  "taglist": [
    14,
    5
  ],
  "map": [
    [
      0.4841248885998013,
      0.8568196216092235
    ],
    [
      -0.11997276921305136,
      -0.3853888641360179
    ]
  ],
  "covariance": [
    [
      0.005591094809509912,
      0.0003582053529477199,
      0.0007874769421484069,
      0.0006339632235636085
    ],
    [
      0.00035820535294771994,
      0.006540877362145081,
      0.0012029742720060664,
      0.0027270937952761248
    ],
    [
      0.0007874769421484072,
      0.0012029742720060666,
      0.006446994204937846,
      0.0021290621177754675
    ],
    [
      0.0006339632235636084,
      0.002727093795276125,
      0.002129062117775468,
      0.009826497288032114
    ]
  ]
}