{
  "taglist": [
    14,
    5
  ],
  "map": [
    [
      0.4846163217144355,
      0.8568208943111014
    ],
    [
      -0.12012507447420445,
      -0.3853895152696661
    ]
  ],
  "covariance": [
    [
      0.009456637938579749,
      0.0002572135061487527,
      0.00050647777271352,
      0.0004546772669862983
    ],
    [
      0.0002572135061487527,
      0.010149718444509704,
      0.0008365981343114482,
      0.0018716559386853587
    ],
    [
      0.0005064777727135201,
      0.0008365981343114481,
      0.010055177170207295,
      0.0014788547203212863
    ],
    [
      0.0004546772669862983,
      0.0018716559386853587,
      0.0014788547203212865,
      0.012399432697395841
    ]
  ]
}