{
  "taglist": [
    14,
    5
  ],
  "map": [
    [
      0.48696286666890193,
      0.8584078844850214
    ],
    [
      -0.12087711908609734,
      -0.3861235321266895
    ]
  ],
  "covariance": [
    [
      0.004702574359656449,
      0.000391876960332161,
      0.0009159072680557099,
      0.0006905587605723969
    ],
    [
      0.00039187696033216095,
      0.005733767041919888,
      0.0013357645363469165,
      0.0030553134806468145
    ],
    [
      0.0009159072680557102,
      0.0013357645363469169,
      0.005643106169635026,
      0.002353915405409846
    ],
    [
      0.0006905587605723969,
      0.003055313480646816,
      0.0023539154054098457,
      0.009384195976088345
    ]
  ]
}